Area,Perimeter,MajorAxisLength,MinorAxisLength,AspectRation,Eccentricity,ConvexArea,EquivDiameter,Extent,Solidity,roundness,Compactness,ShapeFactor1,ShapeFactor2,ShapeFactor3,ShapeFactor4,Class
28395,610.2909999999998,208.17811670852728,173.88874704163598,1.1971914241160242,0.5498121871383472,28715,190.1410972745107,0.7639225181598063,0.9888559986069998,0.9580271262501276,0.9133577547957626,0.007331506135183212,0.00314728916733569,0.8342223882455564,0.9987238890131684,SEKER
32368,675.3849999999999,221.65806493745845,186.17622928517986,1.1905819866935239,0.5427019393429459,32806,203.00792492902275,0.7590994371482176,0.9866487837590685,0.8917085023385342,0.9158607650315007,0.006848061818384159,0.0029721125583393915,0.838800940924086,0.9986612906857952,SEKER
33338,659.103,232.26379452555997,182.91850915708574,1.2697664965446323,0.6162553926930306,33639,206.02732814454703,0.7767474370922647,0.9910520526769524,0.9643680853766637,0.887040223231496,0.006966938464381785,0.002660694375687741,0.7868403576305822,0.9991035242485098,SEKER
34082,668.346,230.62694695756085,188.39128290379577,1.2241911802009078,0.5768276533790457,34364,208.3135861235743,0.8017407668783816,0.991793737632406,0.9588092822219659,0.9032491166867306,0.0067668255078211625,0.0027784009742379667,0.8158589667953592,0.998767351438704,SEKER
34622,683.3820000000001,235.92880475975045,187.05308479793214,1.2612933115463842,0.6094337519589811,35010,209.9573754785023,0.7637262038691461,0.9889174521565267,0.9316117235115191,0.8899183619918932,0.006814418715260541,0.002636387534141502,0.7919546910103344,0.9988871548191182,SEKER
35031,675.6489999999999,232.0680177644627,192.53678152779827,1.2053178406898681,0.5582739387155637,35369,211.19387891607437,0.798991880302892,0.9904436088099748,0.9643176645229737,0.9100516346480172,0.006624647248564491,0.0028028938899398157,0.8281939777255282,0.9982369769044865,SEKER
35364,683.341,222.2949086864787,202.88078942852107,1.0956922501762918,0.40870838460284836,35761,212.1952950939636,0.7921688096411451,0.9888985207348788,0.9516917141281839,0.9545665996032351,0.006285909645019757,0.0032193843900645276,0.9111973930780829,0.9983919219764958,SEKER
35704,683.5649999999999,241.10435198615656,188.65469759888387,1.2780193393264487,0.6226998786816219,35994,213.21290933061312,0.7663118131868132,0.9919431016280491,0.9602119405127557,0.8843179626341009,0.006752866681216574,0.0025474268686218153,0.7820182590373271,0.9994344587561046,SEKER
36092,690.636,236.30096631298065,194.6810894620507,1.2137848979884764,0.5667799675560958,36433,214.3682850810294,0.7696671144947007,0.9906403535256498,0.9508727192208236,0.9071832774356859,0.006547184038373619,0.002735359773593926,0.8229814988589527,0.9989225146389173,SEKER
36426,696.3009999999999,242.00509897344287,191.82601702822177,1.2615864246289317,0.6096733171428463,36779,215.35789666627744,0.7425391389432485,0.990402131651214,0.9441202429968363,0.8898899138067763,0.0066437461970417526,0.0025700284660296175,0.7919040586950318,0.9990554100582049,SEKER
36789,687.353,237.48879469242232,197.36928433557023,1.2032712967061292,0.5561711538321388,37058,216.42830131769253,0.7879417434140072,0.9927411085325706,0.9785165647286819,0.9113200544808618,0.006455429467841538,0.0027465569774311476,0.830504241699001,0.9993219158290976,SEKER
37092,706.3879999999999,238.34724023053576,198.40917758344094,1.2012914076532517,0.5541189682619453,37492,217.31774247243746,0.7937853107344632,0.9893310572922224,0.9341217608478783,0.9117694933754718,0.006425839540346591,0.002739364781842727,0.8313236090501647,0.9986619085312537,SEKER
37438,711.096,248.50914295969105,192.08707653508705,1.293731715024034,0.6344574560983279,37803,218.32897672044135,0.7918358714043994,0.9903446816390233,0.9303921395829767,0.8785551071489349,0.006637885115649635,0.0024394140742902935,0.7718590762974765,0.9985785665352012,SEKER
37777,716.007,250.17466184141185,192.70403347507929,1.2982326178126662,0.6377082653148232,38174,219.31523039100645,0.7705188871665171,0.9896002514800649,0.9259825313746038,0.876648453431437,0.006622406804177458,0.002412667654545974,0.7685125109037305,0.9977080088523352,SEKER
38104,704.491,250.54430194690121,193.8348636511615,1.292565729546971,0.6336070300609202,38377,220.26238810243714,0.7649101676201947,0.9928863642285745,0.9647827591591587,0.8791354917707056,0.006575275612715232,0.0024227967254319828,0.7728792128909202,0.9989971836620412,SEKER
38354,715.5269999999999,253.6098213000785,192.8160003930118,1.3152944816983665,0.6495884662183491,38702,220.98377655106816,0.7963043703934393,0.9910082166296316,0.9413876042448216,0.8713533861513737,0.0066123434661333495,0.0023513239084050116,0.759256723557465,0.9986461786875159,SEKER
38670,711.5619999999999,245.52146975058332,200.80514175010944,1.222685174347382,0.5754001651268686,39010,221.8922558245527,0.7636255924170616,0.9912842860804921,0.9597509304916729,0.9037590726789201,0.0063491458430458576,0.0026127974672561327,0.8167804614494614,0.99866536091087,SEKER
38928,717.454,252.30580542637966,196.67595712052878,1.2828502737208458,0.6263845606969178,39271,222.63123994051332,0.8017134854600874,0.9912658195615085,0.9503505559713618,0.8823865133197457,0.006481345186662034,0.002423708360923278,0.7786059588885778,0.9988348674808936,SEKER
39208,713.397,251.59022956480572,198.6111971856126,1.266747460011942,0.613849170194105,39469,223.43047256356118,0.7763960396039604,0.9933872152828802,0.9681039589676766,0.8880729309323555,0.006416808548378028,0.002462030197149985,0.7886735306547843,0.9990501917355982,SEKER
39506,725.6919999999999,243.18208429612721,206.99657603599968,1.1748121101956506,0.5248415559245698,39972,224.2779557921539,0.7741720556535371,0.9883418392875013,0.9426885942179394,0.9222634818733052,0.006155573439379517,0.002747061169388273,0.8505699299970723,0.9992598543288274,SEKER
39926,723.237,248.27504610520577,205.00503832324668,1.2110680212343468,0.5640839391497244,40308,225.46698663683804,0.7810250391236306,0.9905229731070755,0.9591894521416722,0.9081339029992451,0.006218380155918594,0.002608894930081625,0.8247071857766424,0.998776499576265,SEKER
40310,729.425,255.4046088807292,201.2386559800611,1.2691627641661198,0.6157763317043666,40674,226.54863947566406,0.7516595808159916,0.9910507941190932,0.9520535440840192,0.8870186034170569,0.006336011135716428,0.002419505468874961,0.7868020028079461,0.9985798047351718,SEKER
40660,734.722,241.62048039017213,214.8962433451516,1.1243587911497266,0.4571379328502181,41027,227.53004172840937,0.7847148509118981,0.9910546713140127,0.9465229526560165,0.9416835913950286,0.005942461396708611,0.002882478946640134,0.8867679863026393,0.9970453811095128,SEKER
41059,736.776,266.674255140511,196.51056072962868,1.357047957882619,0.6760087081314825,41387,228.64370200659596,0.7875364431486881,0.9920748060985334,0.9504894280796979,0.8573894839834588,0.006494903800397257,0.002165035868037152,0.7351167272454217,0.9975886535137537,SEKER
41388,750.3439999999999,263.75202241369465,200.00642183048598,1.3187177691586114,0.6518913605274236,41822,229.55791922192296,0.788042650418888,0.9896226866242648,0.923769196029857,0.8703551052278253,0.006372668947851905,0.0022557296346716,0.7575180091961392,0.998952459184605,SEKER
41884,748.1489999999999,267.7978082080501,199.37496015794696,1.3431867672645446,0.6676245762811692,42242,230.92935086663962,0.7427031244458631,0.9915250224894655,0.9403332985678319,0.8623272625414183,0.006393797350015522,0.002180856531575323,0.7436083077221762,0.9988048389604084,SEKER
42248,739.4480000000001,257.2817969612316,209.3736890065707,1.2288162766867876,0.5811572194976163,42578,231.9306454222278,0.7754203068790838,0.9922495185306967,0.9709586637150587,0.9014654288083046,0.0060897982617220126,0.002480726999300861,0.8126399193365407,0.9985851599661791,SEKER
42749,744.5939999999999,257.72289680000176,211.7778140971506,1.2169494613905798,0.5698816088980875,43052,233.3017730277322,0.745301440078106,0.9929619994425346,0.9689397199608771,0.9052427080577911,0.006028746796416332,0.002497278323700427,0.819464360491803,0.9972467121292757,SEKER
43407,766.597,267.183501350446,207.39965429469936,1.2882543235621708,0.6304322944159161,43864,235.09042710905777,0.78042071197411,0.9895814335217946,0.9281868358406892,0.8798837724665716,0.006155309082646716,0.002275783062437642,0.7741954530500056,0.9973606396738434,SEKER
43935,765.713,256.3129117446489,218.44945310282787,1.1733282372833318,0.5230916638033412,44370,236.5159178531952,0.7867311308084878,0.9901960784313726,0.9416477084347252,0.9227624010171739,0.0058339117274302695,0.0026091507838279723,0.8514904487309797,0.9990777872731136,SEKER
44554,771.972,257.69975289739756,220.5798624890093,1.1682832239966503,0.5170473019328928,45003,238.17622609347566,0.7748521739130435,0.9900228873630647,0.939492824923829,0.9242392490314295,0.0057839869124522506,0.0026034227413558406,0.8542181894501808,0.9979687803674387,SEKER
45328,795.88,295.0024358898309,195.9358848667628,1.5056069800099854,0.7475691758874895,45823,240.23613817191503,0.77867106438535,0.989197564541824,0.899251640254986,0.8143530660934324,0.006508172341374667,0.001765589555472015,0.6631709162557744,0.9984747604543113,SEKER
45989,769.145,267.9785692264938,218.8411482406261,1.2245346516453057,0.5771519870230123,46275,241.98143197945043,0.7948323539578293,0.9938195569962183,0.9768938779203487,0.9029879989206497,0.005827014486648846,0.0023897571746105692,0.8153873261947194,0.9984700354378478,SEKER
47096,807.722,255.1785001188739,235.34156108650384,1.0842899951066385,0.3865642040283129,47740,244.87647824739562,0.7952718676122932,0.9865102639296187,0.9071311133491026,0.9596281745261489,0.005418262699993076,0.00283433892757324,0.9208862333443888,0.9985077294467581,SEKER
48813,813.947,288.04597402543243,216.16297139224628,1.3325407777761726,0.6609316791691695,49316,249.3003046471414,0.736155516679737,0.9898004704355584,0.9258766043484363,0.8654878982100612,0.005901009444726455,0.002042443592547757,0.7490693019480692,0.9981653902261349,SEKER
51408,866.227,300.84246158370695,218.05672550207447,1.3796522941038336,0.6889379666514526,52127,255.8411587601675,0.7436101427682872,0.9862067642488538,0.8609484319744836,0.8504157206178883,0.005852055352935476,0.0018880492014209766,0.7232068978740424,0.9977740557636393,SEKER
47143,858.562,296.8462778026491,203.05871161623685,1.4618741320670967,0.7294319147520079,47996,244.99863643998057,0.7179865976241243,0.98222768564047,0.803681098794091,0.8253384150663389,0.0062967201451466625,0.0018022805383084237,0.6811834993842163,0.9958045369407289,BARBUNYA
53202,897.6499999999999,301.8954431097935,224.7506292136147,1.3432462643869014,0.6676613479734265,54102,260.26695959917794,0.7518654607122668,0.9833647554619053,0.8297050862886405,0.8621095996620389,0.005674513046686093,0.0019335628162661473,0.7432329618294411,0.9983448995466091,BARBUNYA
56823,948.496,313.2609836972265,231.28338060880458,1.3544465792251619,0.674462696486296,57838,268.9782345292759,0.7660357518401683,0.9824509837822885,0.7937121260961051,0.8586394365320935,0.005512925816961908,0.0018484394836758796,0.737261681968151,0.9985815631355516,BARBUNYA
58932,928.9060000000001,341.43292342342005,220.07629820346912,1.5514297823555356,0.7645480681791207,59770,273.92435607359306,0.7190863167142544,0.9859795884222854,0.858257303901546,0.8022786828143464,0.00579367615936028,0.0014805906087767818,0.6436510848983228,0.9985794625567095,BARBUNYA
60756,982.6500000000001,352.94219978009113,219.890305054564,1.6050830421673723,0.7822053289890903,61871,278.13115931144705,0.7601531416560319,0.9819786329621308,0.7906810320781383,0.7880359999023726,0.0058091743989086035,0.001381905702190856,0.6210007371421322,0.9967577523602742,BARBUNYA
62209,977.9780000000001,344.174160971056,231.39784145116658,1.4873697991849648,0.7402535970835045,63383,281.4373088956575,0.7798741349914753,0.9814776832904722,0.8173440654552505,0.8177177162329904,0.005532546110226109,0.0015258731572360556,0.6686622634412974,0.9945480564972465,BARBUNYA
63653,1016.303,355.13717060533173,228.64441465430565,1.5532291534095608,0.7651769744649645,64755,284.6849429475105,0.7166677925645702,0.9829820091112655,0.7744302808508122,0.8016196740607711,0.005579268386491316,0.0014211191313371647,0.642594101841297,0.9980958927889348,BARBUNYA
64762,1000.168,385.83405592245947,214.5390567124353,1.7984327042121064,0.8311557257657062,65876,287.1542083900889,0.7096427788735481,0.9830894407675026,0.8135499179930502,0.7442427747948664,0.0059577229845041765,0.001127505261928788,0.5538973078343623,0.9961470331843578,BARBUNYA
66086,1045.614,358.6010989221505,235.8286936468781,1.520599946413254,0.7533365694462916,67353,290.07466030897626,0.7297643499193887,0.9811886627173252,0.7595852994469471,0.808906222487481,0.005426279377207737,0.0014330938019544276,0.654329276778966,0.9949730632067191,BARBUNYA
67412,1052.897,377.42200719729703,228.38955814556957,1.6525361766177509,0.7961263149357394,68526,292.9703469460464,0.7921504112808461,0.9837433966669585,0.7641441622242934,0.776240763281449,0.0055987362368316775,0.0012538787787814503,0.6025497225797665,0.9957352147740538,BARBUNYA
68187,1052.8960000000002,377.09629404191014,231.80068333958368,1.6268126935996607,0.7887618411995089,69510,294.64959670234833,0.7573304011728642,0.9809667673716012,0.7729305904542035,0.7813643394480064,0.005530325341222083,0.0012715832260131214,0.6105302309610195,0.9932183295537195,BARBUNYA
69221,1021.744,378.5480822103894,233.55537934489038,1.6208065225138266,0.7869813496944965,70135,296.8752507807154,0.820542911332385,0.986967990304413,0.8332273961021515,0.7842471398804185,0.005468688435740446,0.0012760706447162106,0.6150435764106169,0.996866640276559,BARBUNYA
70114,1011.7969999999999,371.37162811830314,241.12252142294506,1.5401781050012016,0.7605532516242643,71138,298.7840649023324,0.7755801862790647,0.9856054429418876,0.8606524978925468,0.8045419797312909,0.005296682946605573,0.0013689216099976257,0.6472877971499452,0.996938492804805,BARBUNYA
71236,1055.392,345.9685990498295,264.74074592903725,1.3068203681142647,0.6437734875767626,72582,301.1652241025747,0.8264228868419221,0.9814554572759087,0.8036774698495839,0.8704987242475095,0.004856653925681249,0.0017202417208581336,0.7577680289165417,0.9902666944939358,BARBUNYA
72181,1099.699,400.9105866860232,231.06450686077346,1.7350591492080152,0.8172035047452961,73688,303.15623625208303,0.7140765509531771,0.9795489089132559,0.7500411624945321,0.7561691966231429,0.0055542398510137455,0.001120160671305548,0.5717918539216893,0.9920926875894399,BARBUNYA
73215,1134.8940000000002,375.22658821750633,249.6687149850338,1.502897903087293,0.7465037627153273,74746,305.31988678725946,0.7762486879631888,0.9795172985845396,0.7143307254270324,0.8136947017471899,0.0051249960830090325,0.0013858596593351673,0.6620990676514483,0.9950673004094137,BARBUNYA
74754,1036.3809999999999,352.3274101482656,271.14161809561153,1.2994220976583013,0.6385589945428606,75705,308.51215361332584,0.8179490546218487,0.987438082028928,0.8745918285103242,0.8756405114308264,0.004713157960085956,0.0017092088852486804,0.7667463052588394,0.9963270923511932,BARBUNYA
75959,1091.585,393.8976882752236,245.7920119157685,1.602565051667383,0.7814246356546629,77304,310.98874992278775,0.70664793659063,0.9826011590603332,0.8010764863466534,0.7895165652901577,0.005185661847512784,0.0012428792646035608,0.623336406867568,0.9989371410778849,BARBUNYA
77424,1109.772,397.4019910350918,248.711645333716,1.5978423145481033,0.7799482724158376,78571,313.9734041468724,0.7157357590548561,0.9854017385549376,0.7899833579710417,0.7900650002509615,0.005132801082804967,0.0012336316094455507,0.6242027046215517,0.9973774942996861,BARBUNYA
79165,1121.15,403.8090315110096,250.75252128350584,1.6103887189012747,0.7838358479611777,80401,317.4838713367328,0.7868658555979644,0.984627056877402,0.791435702043657,0.7862228096997796,0.0051008530475716496,0.0012022786414985522,0.618146306492216,0.9954558386055546,BARBUNYA
80789,1130.935,383.9689234542924,268.68705970447616,1.4290562555435777,0.7143755469413692,82025,320.72379016781565,0.7832945510955982,0.9849314233465407,0.7937556086348657,0.8352858019927609,0.004752737667928708,0.001427131539344672,0.6977023710106899,0.9970559378004126,BARBUNYA
83735,1191.1339999999998,403.2032318819352,265.03986525284074,1.5212927741918765,0.7535979174981474,85557,326.51908562655086,0.747941118673741,0.9787042556424372,0.7416442702616848,0.8098126696617383,0.00481522937698615,0.0012774238225692807,0.6557965599446717,0.9976585679837189,BARBUNYA
87968,1147.645,412.44325314963936,272.421553429252,1.513989065688046,0.7508201055246564,89304,334.6704890952634,0.6957181949035922,0.9850398638358864,0.8393042927053279,0.8114340252617515,0.004688560080366035,0.001253811090563928,0.6584251773524884,0.9968485190853801,BARBUNYA
102379,1296.377,456.7220676976273,286.5575739620283,1.5938230540650358,0.7786792388137441,104111,361.0443066306977,0.7394121045789398,0.9833639096733294,0.7655227693250553,0.7905120688622538,0.004461091314601894,0.0010746199397475176,0.6249093310168804,0.9959948984750627,BARBUNYA
144704,1442.9969999999998,545.1107485769413,338.9575732648545,1.6081975786125982,0.7831648427275126,145929,429.2351978593519,0.7597087251211457,0.9916055067875473,0.8732921251663899,0.7874275071256758,0.0037670745008910695,8.933595812041545E-4,0.6200420789781561,0.9971501700505921,BOMBAY
154706,1468.3790000000001,532.9548716010156,371.06967799430106,1.4362662950034975,0.717799646814194,156085,443.821807719943,0.7712317294462502,0.9911650703142518,0.9016556153779528,0.8327568268335485,0.0034449528240728584,0.0010219645903662537,0.6934839326378807,0.9960275985742639,BOMBAY
161579,1502.8149999999998,558.604120774132,368.7910253312455,1.5146901155536463,0.7510889279489384,162975,453.57333739844415,0.8019604923565614,0.9914342690596717,0.8990497768264553,0.8119763541483856,0.0034571579275409054,9.269845814981913E-4,0.6593055996961047,0.9986436749888588,BOMBAY
168315,1604.5189999999998,633.0053488728705,345.1358936097402,1.8340756803134377,0.8382840417483671,171729,462.9312194830879,0.7864598908492823,0.9801198399804343,0.8215669442085548,0.7313227610278228,0.003760837411240059,6.635912975942164E-4,0.5348329807973581,0.9809241631099783,BOMBAY
173967,1605.55,604.9398200457546,370.00994887438907,1.6349285252627612,0.7911303904590054,176528,470.6396327116343,0.7253430397638435,0.9854923864769328,0.8480648602470224,0.7779941361374385,0.003477325125143013,7.858331690223938E-4,0.6052748758642392,0.9895811601753214,BOMBAY
181118,1654.0910000000001,632.3590714517621,370.3584897506303,1.7074242631174512,0.8105441678663251,185974,480.21515996826173,0.7704722768149604,0.9738888231688301,0.831864671436845,0.7594026584702734,0.0034914203527631827,7.162594330346339E-4,0.5766923976917187,0.984658592174219,BOMBAY
187588,1654.3570000000002,593.1580854034479,405.88031034596725,1.461411333054928,0.7292287050271504,189950,488.71715717557913,0.7161104621422082,0.9875651487233482,0.8613039726856556,0.8239239575452617,0.0031620257447355265,8.988633832243188E-4,0.6788506878170462,0.9920800886279643,BOMBAY
200116,1773.3789999999997,636.1081262359635,402.3250586196983,1.5810800560579819,0.7745774724166721,202634,504.77282487691605,0.7734190815561447,0.9875736549641225,0.7996290342341656,0.7935330552429875,0.0031786969869273996,7.774795638528048E-4,0.6296947097632704,0.9955977470119262,BOMBAY
223165,1827.554,669.0993604706523,428.4011860362138,1.5618522597042757,0.7681537516954646,226058,533.0501880693998,0.7519441748881341,0.9872023993842288,0.8396446222822281,0.7966682073861887,0.002998227143461799,7.449965110191329E-4,0.6346802326599235,0.9912767555695368,BOMBAY
58961,936.527,363.1454559514249,208.2099472328689,1.7441311559686001,0.8193095864536549,59576,273.9917458558376,0.8138164251207729,0.9896770511615416,0.8447614745579426,0.754495867607627,0.0061590789835895745,0.0012311840997668785,0.569264014236986,0.99287110320248,CALI
62222,983.348,376.8332560798321,214.7422165146331,1.754816831995183,0.8217417650114252,64103,281.4667137558388,0.7381195283399369,0.9706565995351232,0.8086104561287017,0.7469264169620159,0.006056270387962973,0.0011627766385260115,0.5578990723557152,0.9790106827243076,CALI
64252,966.933,378.930744945132,217.74625576994185,1.7402400036925934,0.8184109453738467,65281,286.0213055496455,0.7467689446768945,0.9842373738147393,0.8635823350600819,0.7548115569008803,0.005897571203155263,0.0011808836776255034,0.5697404864311311,0.9914851862107313,CALI
66050,982.983,387.66381521909,218.43315433909947,1.7747480522909718,0.8261431684351203,66646,289.9956412254458,0.7625964069643929,0.9910572277405996,0.8589950710019849,0.7480596069085103,0.005869247770160333,0.0011337231772063224,0.5595931754881149,0.9931368982728519,CALI
66990,1004.139,375.1813691824922,230.3418977153479,1.6288021107047321,0.7893463759425229,68239,292.0519082317535,0.7553445787479705,0.9816966837145914,0.834895598824348,0.778428600727496,0.005600557832250965,0.0012684874822762508,0.6059510864305674,0.9869744085619335,CALI
68045,1028.051,401.01686576145687,217.55904533227584,1.8432553109846004,0.8400438915970124,69048,294.3426316752368,0.6877052908181313,0.9854738732475958,0.8090526089809807,0.7339906542741902,0.005893406800815003,0.0010551356659136832,0.5387422805618539,0.9930395698975928,CALI
68837,1038.354,396.6017422301588,227.48599588481954,1.7434116798599142,0.8191439546947814,71427,296.0506553631226,0.6566411019536019,0.9637392022624498,0.8023076228160555,0.7464683682385751,0.005761461746301535,0.00110346377859909,0.5572150247807609,0.9714551823962103,CALI
69810,1022.531,400.08410381541796,223.75574219314203,1.7880394929488441,0.8289843754981518,70894,298.13562789100143,0.7805407097654241,0.9847095663948995,0.8390242926209966,0.7451823880224662,0.005731042885194356,0.0010900934977463755,0.5552967914188657,0.9928925933647085,CALI
70446,1016.413,396.56521826488233,228.76413829342164,1.7335112978076685,0.8168403145105138,71496,299.49062250496803,0.797207070592762,0.9853138637126553,0.8568913924193783,0.7552115231268867,0.005629350399808113,0.0011295682493353504,0.5703444446636321,0.988698538466247,CALI
71249,1039.665,400.0629090523436,228.21526963303867,1.7530067540863032,0.821333401604414,72111,301.1927029707652,0.8052554249547921,0.9880462065426912,0.8283269463384743,0.752863352626768,0.005614996828760314,0.001112740531533254,0.5668032277284174,0.9936098864458326,CALI
72004,1043.647,403.21418093032685,230.0102523907407,1.753026992228798,0.821337975557085,73591,302.7843129673508,0.704760786156135,0.9784348629587857,0.8307287275940214,0.7509267463479173,0.005599885852596062,0.001098371435634341,0.5638909783806695,0.9885161057756192,CALI
72823,1032.663,399.9634503246533,233.1080841119854,1.7157854127980838,0.8125987990973507,73910,304.5014340955536,0.7535024729424912,0.9852929238262752,0.8581460282110166,0.7613231505238479,0.005492268243887965,0.001138171344940862,0.5796129395235575,0.9944914267035379,CALI
73552,1036.071,399.4394505630075,235.2856684586562,1.6976786269206872,0.8081041439880874,74109,306.0217557533462,0.7489410231345716,0.9924840437733609,0.8610439405258612,0.7661280209603993,0.005430708214093532,0.0011540951592119352,0.5869521445006982,0.9964561107440981,CALI
74385,1073.863,414.72651179664575,232.4556663690002,1.784110141407819,0.8281520470719927,76137,307.74977422432835,0.7141965588754897,0.9769888490484259,0.8105829666576256,0.7420547408245469,0.005575405146153737,0.0010427974740119944,0.5506452383801855,0.982411754112015,CALI
75025,1071.293,406.2694496282149,238.53732742619098,1.7031692859639511,0.8094848998453734,76620,309.07086055426765,0.7069293683099653,0.979182980944923,0.821484424937455,0.7607533887598599,0.005415120954724624,0.0011188284642311857,0.5787457185096105,0.9857019321487072,CALI
75806,1051.147,404.43482414004507,240.60364185055306,1.6809173004590388,0.8037899020951753,76774,310.6753883528493,0.742861062658017,0.9873915648526845,0.8621573497702957,0.7681717048314085,0.005335129463895273,0.0011459296322894768,0.5900877681035926,0.9918887381945903,CALI
76482,1065.6619999999998,418.2855862645268,235.4400066891578,1.7766121915583057,0.8265460924806731,77846,312.0575377401333,0.7434820647419073,0.9824782262415538,0.8463113021859049,0.7460394237509916,0.005469072281903281,0.0010450583457380746,0.5565748217907118,0.9888176139077698,CALI
77315,1086.568,429.5829242837359,233.3919003149954,1.8406076804891385,0.8395393861556809,79121,313.7523153718536,0.7249006150615062,0.9771742015394144,0.8229241411136767,0.7303649601412529,0.005556268826019995,9.752652053404133E-4,0.5334329750021339,0.9818408308150983,CALI
78169,1084.094,415.95250779587025,242.26358764179835,1.7169419137426531,0.8128802267583712,79666,315.4803670157668,0.7413318918098707,0.9812090477744584,0.8358157267483326,0.7584528548403164,0.005321195202649007,0.0010861837847725494,0.5752507330154263,0.9876720944253701,CALI
79274,1060.8799999999999,406.7776347556393,250.08661503980696,1.6265470052881137,0.7886835808383632,80125,317.7023633360874,0.8166599705370295,0.9893790951638065,0.8851321432093326,0.7810222003157536,0.005131286862724719,0.0011777675166118582,0.6099956773860612,0.9921866422909922,CALI
80371,1097.029,432.09587955476496,238.55652924504957,1.8112934528440774,0.8337834278293478,81474,319.89300625351245,0.7851337358107184,0.986461938778015,0.8392145779815032,0.7403287589391798,0.005376266060578628,9.962285812004418E-4,0.5480866713124263,0.9927457993393014,CALI
81506,1109.772,435.6977307393086,239.74016670684804,1.8173747717130588,0.8350037583035121,82324,322.143853477269,0.7643098274568643,0.9900636509401876,0.8316333898376178,0.739374641521871,0.005345590885815874,9.854479404880275E-4,0.5466748605255954,0.9935130998489723,CALI
82619,1114.99,442.4189292177081,239.70901089699038,1.8456499718645447,0.8404980658341128,83605,324.33590295629375,0.8085000195717696,0.988206446982836,0.8351180171216075,0.7330968038139539,0.005354929607205463,9.540669094385544E-4,0.537430923762235,0.9919093693209052,CALI
83810,1123.2849999999999,442.5761071164153,243.27358666609413,1.819252608479335,0.8353777534490113,84912,326.6652816634391,0.7957124004291397,0.9870218579234973,0.834691105563408,0.7380996768935676,0.005280707637709286,9.667895497231016E-4,0.5447911330303887,0.9911126898419473,CALI
85446,1104.639,431.76624696671684,254.77503822197517,1.6946960345092221,0.8073474693526327,86852,329.8381817489308,0.8190131124913733,0.9838115414728503,0.8799557964593584,0.7639276670331221,0.005053089050004878,0.0010615627501169354,0.5835854804586686,0.9889999995304648,CALI
87477,1133.759,443.92030250124793,252.78681766807307,1.756105427475837,0.8220315868640766,88836,333.7351879182023,0.7118375119009838,0.9847021477779279,0.8551892823405345,0.7517907742398516,0.005074708809186963,9.999513184690426E-4,0.5651893682321557,0.9925321171041279,CALI
89832,1166.3980000000001,455.90640522291176,253.16469420338157,1.800829324394879,0.8316503069548984,90594,338.19765638254967,0.7845932136774532,0.9915888469435062,0.8297502658960456,0.741813785698384,0.005075100245156645,9.479905046254263E-4,0.5502876926521679,0.9909742137816204,CALI
94198,1183.792,456.70187341769497,268.2737270998728,1.7023727159375328,0.8092855573006328,96847,346.31866631032585,0.7616822052057475,0.9726475781387136,0.8446965971021095,0.7583035815436349,0.00484831815343951,9.888793379731135E-4,0.5750243217819042,0.9789057164019981,CALI
33006,710.4960000000001,283.0203846998961,149.62371856555887,1.8915475929432164,0.84882891532034,33354,204.99888881047326,0.6354762317333795,0.9895664687893506,0.8216360477301875,0.7243255252721325,0.008574816236438711,0.0014559274841805731,0.5246474665607507,0.9923956525167446,HOROZ
39202,792.773,321.83064693296336,158.0305092171628,2.03650958620091,0.8711391483547428,40240,223.4133761275449,0.6625316883555856,0.9742047713717694,0.7838273027506796,0.6941954666426825,0.008209546628563935,0.0011760506589732357,0.48190734590725176,0.9814089296007561,HOROZ
41384,812.2009999999999,316.06216669600786,167.59399132854796,1.885880061633032,0.8478373279642761,42028,229.54682598398082,0.6339655013940378,0.9846768820786143,0.7883431342903273,0.7262711269228295,0.007637303467427215,0.0013107350907344264,0.5274697498017568,0.994744684265697,HOROZ
43533,820.623,333.7998456295427,167.4809878422525,1.9930611225194297,0.8650180408132868,44179,235.43138512304563,0.8169688098187141,0.9853776681228638,0.8123460833128827,0.7053070521318688,0.007667742761342951,0.001170469772112404,0.4974580377869468,0.9914642751979651,HOROZ
44805,841.088,311.84085115443963,185.32691743381926,1.682652770965118,0.8042436774437033,45487,238.84618021199117,0.6465367965367965,0.9850067052124782,0.79589077699491,0.7659233205905478,0.00695995650383751,0.0014774999000608572,0.5866385330244511,0.9871089531485047,HOROZ
46100,847.1199999999999,336.2745067969851,175.75508282716888,1.9133131252179214,0.8525451369198435,46735,242.2732816723524,0.7673357967974966,0.9864127527548946,0.80727391356404,0.7204628265758399,0.007294457848090783,0.0012123250868840561,0.5190666844776488,0.9931371002744349,HOROZ
47180,850.406,348.6152375693272,172.90463285693187,2.0162284365034058,0.8683364886957793,47729,245.09476069594996,0.7100395804174756,0.988497559135955,0.8198136955543031,0.7030523462050603,0.007389047002317236,0.0011135733771352981,0.49428260150444,0.9965866368221331,HOROZ
47929,896.1220000000001,363.04553110503116,169.80658459262784,2.1379944245153424,0.8838724201452277,48814,247.03258517776882,0.6863472333600642,0.981869955340681,0.7500219143879586,0.6804451894115201,0.007574652738530559,0.0010016478941245212,0.4630056557932794,0.9899035106051012,HOROZ
48566,890.032,366.7458829452612,169.20214673257445,2.167501358744026,0.8872126468369604,49318,248.66875905430481,0.6056819315574179,0.9847520175189586,0.7704260459543918,0.6780410377269864,0.007551494521790166,9.84547319090969E-4,0.4597396488418887,0.9964863135332954,HOROZ
49386,856.83,344.49569016939165,183.15729036162216,1.880873480325168,0.8469529351311025,49901,250.7592633509094,0.8007977817774967,0.9896795655397688,0.8453263138926645,0.727902468758343,0.006975573850269138,0.0012079597763531961,0.5298420040244906,0.9965657741320052,HOROZ
50079,969.8910000000001,367.5363942980362,175.27641550574666,2.096895884352371,0.8789600549246914,51359,252.51250099904405,0.621929410595862,0.9750773963667517,0.6689900421750882,0.6870408071595789,0.007339132057310174,0.0010086827572962987,0.47202507070248556,0.9897874280671789,HOROZ
50643,908.066,385.09213287192273,168.1999762211396,2.2894898175587484,0.8995690715961587,51253,253.93044375187242,0.7038148843026891,0.9880982576629661,0.7717816678442352,0.6594017952486367,0.00760405451635809,8.86799593431739E-4,0.43481072757712513,0.995494733353139,HOROZ
51192,882.1049999999999,363.28054483796734,179.90037074356033,2.019342947079342,0.868772972388622,51665,255.3031115636518,0.8010891507440965,0.9908448659634181,0.8267446508028976,0.7027712196300622,0.007096431958860122,0.0010677649885109833,0.4938873871403252,0.9973280118732603,HOROZ
51723,900.2489999999999,364.1938837619258,182.1644269932829,1.999259074744352,0.8659183943671033,52482,256.62378878883544,0.7227112676056338,0.9855378987081285,0.801988748401681,0.7046350865040635,0.007041236659937084,0.0010707442787078977,0.4965106051325891,0.9926533330181384,HOROZ
52238,892.863,366.3339732240203,182.36417379565475,2.0088045014505425,0.8672869625169254,52775,257.89821119557115,0.7725229222123632,0.989824727617243,0.8234301268522913,0.7039975269720927,0.007012787113289566,0.0010625636436467163,0.4956125179828225,0.9955886570991319,HOROZ
52772,903.5469999999999,361.5211963798326,186.68336670275383,1.9365474426838676,0.8563578062292441,53505,259.213034500127,0.642957223095386,0.9863003457620783,0.8122915234456125,0.7170064635097759,0.006850625263015095,0.0011168690524861647,0.5140982687147956,0.9955756875678411,HOROZ
53240,920.9509999999999,381.45761445057605,178.49072888739667,2.137128448230069,0.8837721006630912,53846,260.35989199894067,0.6008486818345973,0.9887456821305204,0.7888144600768845,0.6825395067128079,0.007164868791333134,9.591779388227629E-4,0.46586017822376335,0.9956030397795349,HOROZ
53802,929.21,374.296400407504,184.60691029512702,2.027531904461889,0.8699100037037945,54493,261.73046056170307,0.6068351003834875,0.9873194722257904,0.7830338455717565,0.6992598920982191,0.006956923542015241,0.0010260097043803507,0.4889643966972132,0.9913909144495593,HOROZ
54267,905.389,350.8163077934843,197.88917244593048,1.7727918281599684,0.8257187607343305,54913,262.85906941580515,0.6612282198123554,0.9882359368455557,0.8319079029442439,0.7492783647063035,0.006464634267482712,0.0012568877488475974,0.5614180678169524,0.9952773628072519,HOROZ
54651,924.038,369.55775037598175,188.9731861417126,1.955609459316875,0.8593728216575832,55315,263.78744162549015,0.647347286876799,0.9879960227786315,0.8043189745181875,0.7137922052970539,0.0067621406813412705,0.0010828072845426918,0.5094993123428315,0.9963816747330841,HOROZ
55177,927.376,354.1136831392731,204.0895353168279,1.7350898594067954,0.8172106991706487,56835,265.05384049255366,0.6974542420871676,0.9708278349608516,0.806224967105923,0.7484992902358643,0.006417777029183775,0.001242596021113911,0.5602511874835925,0.9720861541233967,HOROZ
55701,932.537,386.3861055766393,183.97158041692816,2.100248879207247,0.8793727131520411,56186,266.30943633542785,0.7245658536585365,0.9913679564304275,0.8048977470054216,0.6892313996073692,0.006936789385767568,9.656027405107118E-4,0.47503992220473307,0.9977020641891886,HOROZ
56407,935.8549999999999,370.85556519887643,198.2976202228721,1.8701967516405984,0.8450399962472855,57827,267.99183383057834,0.735002084853539,0.9754439967489235,0.8093301816381935,0.7226312855433732,0.00657463728258685,0.0011059069839162406,0.5221959748460684,0.9766092158769126,HOROZ
57037,937.7249999999998,382.9951119852511,191.89015841527586,1.9959080504608198,0.8654327614085353,57775,269.4842554084737,0.6110212433179427,0.9872263089571613,0.8151087393756734,0.7036232238359516,0.00671485372626981,0.0010152593103488206,0.4950856411212976,0.988145416781554,HOROZ
57585,955.5889999999999,384.11192260084573,192.6375371950406,1.993961967090257,0.8651494832145329,58253,270.77573595795906,0.8255913978494623,0.9885327794276689,0.7924592726624348,0.7049396804049187,0.006670346836864561,0.001016098963473124,0.49693995300938876,0.9908793662283408,HOROZ
58239,946.545,391.5948199403912,190.50499565331108,2.055561947850605,0.8736889437493298,58969,272.3090116867805,0.792087152843892,0.9876206142210314,0.8168479845645709,0.6953846113904968,0.006723927607623606,9.698467045463446E-4,0.48355975775871224,0.9939870375606652,HOROZ
58933,947.4789999999999,385.29899929209887,195.53661088577167,1.970469865191549,0.8616557790179789,59553,273.92668013517294,0.6460251688152241,0.9895891055026615,0.8249530404923067,0.7109457347111003,0.006537915926426601,0.001030302862355102,0.5054438377039061,0.9959618507423151,HOROZ
59664,982.497,410.2849482175037,185.62431392966985,2.210297452589935,0.8918010380377297,60327,275.620326168225,0.6238981083539856,0.989009896066438,0.7767115514301612,0.6717778153102288,0.0068765913820311025,8.638843610968237E-4,0.451285433142984,0.9974750432668831,HOROZ
60434,1008.8759999999999,412.88008897259584,187.98682656234504,2.196324585731894,0.8903349637173115,61231,277.39314816073744,0.5787034377094704,0.98698371739805,0.7461319249838769,0.671849177447617,0.006831917281209184,8.586368464317543E-4,0.45138131723703956,0.9913798845877573,HOROZ
61083,971.338,398.61083236998934,198.3840060161931,2.0092891578036425,0.867355872742521,61675,278.87863150671467,0.7912305699481865,0.9904012971220105,0.8135597687357892,0.6996263243740962,0.006525724544799524,9.644352353309475E-4,0.48947699375720816,0.9835008165506793,HOROZ
62194,980.312,391.04999282881755,203.69215204725324,1.9198088335681207,0.8536267409644378,62707,281.40337639278374,0.6363208512379783,0.9918190951568405,0.813260568222343,0.7196097213994025,0.006287583896015975,0.0010400438314664621,0.5178381511325256,0.9941502569028063,HOROZ
63359,982.041,400.0654926428177,202.64535211872703,1.9742149941264135,0.8622220758202599,64039,284.02673169065474,0.8205848831787805,0.9893814706663128,0.8255795722162991,0.709950587875962,0.0063142646292210685,9.894982589957941E-4,0.5040298372254239,0.9950632621375275,HOROZ
64908,1032.048,436.03081638359436,190.3896317077481,2.2902025308442764,0.899635056639539,65565,287.4777076047288,0.8147924983053401,0.9899794097460536,0.7657875446645575,0.6593059407797057,0.0067176744990385525,7.829728004166024E-4,0.4346843235474128,0.995515137906617,HOROZ
67353,1055.855,437.67076632256,197.01691477450484,2.2214882758848136,0.8929536225266204,68034,292.84211284674785,0.637269372693727,0.9899902989681629,0.7592035792322928,0.6690922386873001,0.006498162907703591,8.033676254978653E-4,0.447684423871583,0.994525698926969,HOROZ
31519,676.641,255.07356214472412,157.8027399554127,1.6164076885914362,0.7856621378060065,32065,200.32782435425088,0.7580327080327081,0.9829720879463589,0.865098731000994,0.7853727476491213,0.00809269209507675,0.0018992235578670599,0.6168103527499303,0.9970169965877834,SIRA
35906,708.182,265.80579436145,172.4626980040869,1.5412364380102135,0.7609336370150858,36238,213.8151984618043,0.810921902524956,0.990838346487113,0.8996780452014507,0.8044038278979446,0.007402823883513898,0.001911937514080384,0.647065518336866,0.9972809546407438,SIRA
37086,731.8019999999999,266.8127809946958,177.8706600167415,1.500038179256674,0.745371168906126,37595,217.3001651081937,0.7220794392523364,0.98646096555393,0.8702272406582007,0.8144293699053106,0.007194434045049231,0.0019524957867485043,0.6632951985643611,0.9949681219641782,SIRA
37903,727.708,273.19558808676214,177.34827529704188,1.5404468277415437,0.760649928076886,38267,219.6806738520639,0.7661815241560542,0.9904878877361696,0.8994336899583663,0.804115012949247,0.00720775632764589,0.0018588850768736275,0.6466009540503677,0.9960543884815447,SIRA
38607,754.254,287.6272745372646,171.71060486900134,1.6750699513096265,0.8022486816402675,39130,221.71143205434947,0.7890573904512753,0.9866342959366216,0.8527872047603436,0.7708289570627102,0.007450132735961474,0.001622466944475601,0.5941772810463853,0.9952885092316551,SIRA
39120,750.2719999999999,282.67840870679004,176.7750284136125,1.5990856358138337,0.780338484314112,39650,223.17959357889234,0.7085929575423852,0.9866330390920555,0.8733156285260602,0.7895176522321051,0.007225930692913856,0.0017318925041557728,0.6233381231860954,0.996771039042039,SIRA
39595,753.1220000000001,286.3835259690033,176.44945197198544,1.6230343748218152,0.7876445592288269,40027,224.5304428664157,0.8040900044677308,0.9892072850825693,0.8772422553162715,0.7840201076744817,0.007232820456345581,0.0016857619686511567,0.614687529237906,0.9976589897274111,SIRA
40154,762.7159999999999,284.77845577617035,180.84772459855876,1.5746864186890623,0.7724734402853666,40760,226.10984206640745,0.7181514138035877,0.9851324828263003,0.8673871116204848,0.7939850697277636,0.00709215659152688,0.001738631014576951,0.6304122909506017,0.9927016727345701,SIRA
40485,764.309,288.2349681720853,180.60387375514279,1.5959511951712921,0.779352625632663,41179,227.03987087866983,0.7010025453223209,0.9831467495568129,0.8708955279855025,0.7876902386913718,0.007119549664618632,0.0016906516823621317,0.6204559121296702,0.9902173545144415,SIRA
40751,770.797,295.0184998336789,176.40311599122396,1.6724109331966452,0.8015414853678062,41228,227.78451371307622,0.7320889623455016,0.9884301930726691,0.8619222722995292,0.7721024743922607,0.007239540129903043,0.0015870496717517169,0.5961422309626516,0.9969947848021782,SIRA
41143,767.082,283.162711695982,186.66552604864748,1.5169523676385006,0.7519532117111546,41815,228.8774663199477,0.7851417884813556,0.9839292120052613,0.8786627916605841,0.8082895694461433,0.006882403123155385,0.0018121233967065987,0.6533320280754318,0.9910735668430896,SIRA
41448,780.9469999999999,293.1096562296952,180.7261375040022,1.6218443014265396,0.7872906957435211,42042,229.72425350881656,0.6904317697228145,0.9858712715855573,0.8540244836897951,0.7837485003523503,0.007071744263407045,0.0016459369728802414,0.6142617118045582,0.9962368568747341,SIRA
41713,764.6020000000001,282.4824879903738,189.16323404249562,1.4933265939348126,0.7426805480191885,42252,230.4574605638486,0.8067030246770326,0.9872432074221339,0.8966241457819562,0.8158291942391203,0.006772049193066281,0.0018505330098630812,0.6655772741728523,0.9939242438409625,SIRA
41993,759.6740000000001,284.92508697171263,187.92664461978453,1.5161505572995067,0.7516474396881416,42368,231.22964386527883,0.7691025641025641,0.9911489803625377,0.9143916263323759,0.8115454006625795,0.0067850614857645946,0.0018154522618015888,0.6586059373365868,0.99854575893363,SIRA
42248,781.8629999999999,294.79296629823205,182.91906801611358,1.6116032598212415,0.7842063589939039,42761,231.9306454222278,0.7010021902170306,0.9880030869250017,0.8684697488426991,0.7867577314839711,0.006977678619064382,0.001649129661676026,0.6189877280498044,0.9975626403144088,SIRA
42483,759.66,273.92630598988535,197.9284272631023,1.3839664659476154,0.691307314756279,42954,232.57479566578988,0.7289464653397392,0.9890347813940494,0.9250954036935958,0.8490414778724379,0.006447904008424201,0.002066873774766592,0.7208714311478135,0.997661886968239,SIRA
42748,774.1639999999999,294.589186061153,184.95562647069937,1.5927560122526023,0.7783403686443241,43153,233.29904427223602,0.7287915984724496,0.9906147892382917,0.8963130523141858,0.7919470751509734,0.006891297512425213,0.0016721121372375279,0.6271801698401815,0.9989449862785572,SIRA
43002,787.286,299.67760079901814,183.35945770491452,1.6343722028306695,0.7909693822207285,43584,233.99112569219687,0.8026355084366134,0.9866464757709251,0.8718333172515383,0.7808095268659249,0.006968922394284409,0.0015978124673237102,0.6096635172445893,0.9964171056645337,SIRA
43268,806.547,312.5473301905203,177.96071625066847,1.756271478196786,0.8220688800132715,44132,234.71371630478058,0.7523037869040582,0.9804223692558688,0.8358287870745942,0.7509701527819979,0.007223521544571515,0.0014171618109001304,0.5639561703694173,0.990460136972895,SIRA
43497,774.492,289.2876329341146,192.09040888073594,1.5059972781552355,0.7477220721909594,43866,235.33401895464536,0.8060971089696071,0.9915880180549856,0.9112452894803137,0.8134949170407254,0.0066507490846291605,0.001796675728045124,0.6617739800510966,0.9966298127109086,SIRA
43752,769.631,276.4439766731195,202.48612810245692,1.3652489642808534,0.6808023893800943,44197,236.02283059325603,0.7678483678483679,0.989931443310632,0.928202362977342,0.8537817804304727,0.006318430624271336,0.002070982910856913,0.728943328595028,0.9951891243837997,SIRA
44001,807.713,305.23568811527053,185.06569679464735,1.6493369295443565,0.7952327641184085,44708,236.69350056115167,0.7933826181031374,0.9841862753869554,0.8475362159781952,0.7754450405935681,0.0069370170704136395,0.0015472361969337252,0.6013150109811605,0.9917710539005983,SIRA
44280,786.6949999999999,288.001823909684,196.3956521911308,1.4664368620004007,0.7314220768437235,44769,237.44272370589292,0.69826852114675,0.9890772632848623,0.8990931654985048,0.8244486805068076,0.006504106231022674,0.001853625083570182,0.6797156267894161,0.9967600508017068,SIRA
44554,794.32,309.1046846249275,184.24846296407836,1.677651360843056,0.8029314309526596,45047,238.17622609347566,0.7377711541645968,0.9890558749750261,0.8873716898897953,0.7705358020778057,0.00693775384084319,0.0015085855356408184,0.5937254222836874,0.9960642626613463,SIRA
44807,803.602,297.8822324591427,191.87599299823475,1.5524726559298285,0.7649128970171014,45309,238.85151094550028,0.750850439882698,0.9889205235162992,0.8719141251026369,0.8018320158731218,0.006648118206064738,0.0016951653526524927,0.6429345816791542,0.9981383576085701,SIRA
45010,802.097,301.80218107871036,191.16769809332487,1.5787300055858577,0.7738077472208054,45468,239.39196291548652,0.668816309548575,0.9899269816134424,0.8791542764422806,0.7932081937242621,0.0067052250850635495,0.0016373513825221181,0.6291792385913064,0.9933041428557592,SIRA
45267,797.848,298.1961602417823,194.19692714443354,1.535534905863879,0.7588728144889204,45780,240.07443527274327,0.7708432668074382,0.9887942332896461,0.8936166578827183,0.8050889558003933,0.006587495531883763,0.0017071652916343955,0.6481682267517678,0.995284937049233,SIRA
45541,798.6350000000001,301.6021739626012,193.10000452776464,1.5618962552599824,0.7681687837451108,46045,240.79992131806034,0.7457790878572014,0.9890541861222717,0.8972547135241469,0.7984024722179874,0.006622651543940652,0.0016599658742169215,0.6374465076437941,0.9956253132173958,SIRA
45800,805.1629999999999,301.7417892558648,193.7122489586574,1.557680481631615,0.7667212304181116,46334,241.48368712786885,0.7086492341018104,0.9884749859714249,0.8877848372751805,0.8002991157552277,0.0065882486737088375,0.0016670901833927088,0.6404786746785993,0.9976611304481392,SIRA
46071,805.639,303.9729407415296,194.35407165030435,1.5640163242294163,0.7688913023621784,46709,242.1970665914302,0.7582455562870309,0.9863409621272131,0.8919829223380432,0.7967717981758519,0.006597923655695114,0.0016402984099956437,0.6348452983683804,0.9929084100084414,SIRA
46324,808.0649999999999,291.8019270932865,203.0235358510965,1.437281278104144,0.7182762383645614,46863,242.86117159873803,0.6906092997599773,0.988498388920897,0.8915040574863545,0.8322809037552978,0.00629915221253101,0.0018644106962715453,0.6926915027557354,0.9955925284126436,SIRA
46584,803.5889999999999,290.48339044806573,204.82335202705235,1.4182142200743775,0.7090958562570002,47062,243.54176428683195,0.7355174863819374,0.989843185584973,0.906522681261546,0.8384016859317598,0.006235690160743297,0.0019005218298276522,0.7029173869732172,0.9968874337429408,SIRA
46898,815.8099999999998,306.6800225874499,195.41453718878898,1.5693818228639147,0.7707038079254008,47348,244.36118384266692,0.7952048290830168,0.9904959026780434,0.885495049095704,0.7967952453537701,0.0065392985327188775,0.001625915093198894,0.6348826630183748,0.9963733109924735,SIRA
47162,822.039,314.0568648016461,192.49452290154176,1.6315106532266468,0.7901380804018336,47619,245.04800225425168,0.7179697966142979,0.9904029904029904,0.8770356225165356,0.7802663457428978,0.006659108282126417,0.0015225351977661307,0.6088155702989753,0.9932890887930347,SIRA
47480,809.477,308.17291241442507,197.17244455371144,1.5629613616241196,0.7685322239647123,47977,245.87275893035715,0.8119153884300347,0.989640869583342,0.9105662460923074,0.7978402676732086,0.00649058366500474,0.0016222856331479171,0.6365490927208571,0.9949016366995888,SIRA
47863,839.571,326.2859977947226,187.9306183006886,1.7362045671167097,0.8174715386835161,48519,246.86244009500328,0.7685872113562643,0.9864795234856448,0.8532865935218795,0.7565830031428828,0.006817082042386032,0.0013778584547815213,0.5724178406447035,0.9938344692264192,SIRA
48185,837.673,317.9881846589597,194.04545199514945,1.63873041799974,0.7922254612308488,48851,247.69143599055624,0.6862982481128045,0.9863667069251397,0.8629242872316909,0.7789328281370068,0.006599318971857626,0.0014985764834508383,0.6067363507495157,0.9942773136793907,SIRA
48560,828.554,306.81957385903945,202.46114745852472,1.5154491501728407,0.7513794562949954,49122,248.65339791030306,0.8093333333333333,0.988559097756606,0.8888877180528887,0.8104222125819802,0.006318360252451389,0.0016812391354402362,0.6567841626462724,0.9953230011292741,SIRA
48947,834.814,315.16351045394475,198.62200334854202,1.5867502348211422,0.7764174960702592,49509,249.64225603080902,0.7858931954657846,0.9886485285503646,0.882584905088529,0.7921039325626168,0.006438872871758121,0.0015635734631664303,0.6274286399811626,0.9955725418236197,SIRA
49332,849.87,322.0088312563141,196.55579259664918,1.638256634425963,0.7920894939844972,50173,250.6221323444421,0.6979626485568761,0.9832379965319993,0.8582890830862883,0.7783082574681025,0.0065273824547213595,0.0014774928061873538,0.6057637436430341,0.9923964719179089,SIRA
49708,844.844,321.36169046189895,197.96703089769363,1.623309138924116,0.7877261260996815,50314,251.57541869128522,0.7103679885673455,0.987955638589657,0.8751512258955647,0.7828419695256499,0.006464989347024603,0.0014977660421919225,0.6128415492507986,0.9948312876112352,SIRA
50223,840.795,311.94819486279306,206.6487555805707,1.5095575774767582,0.7491098916003285,50711,252.87528478527528,0.7851883119928709,0.9903768413164796,0.8927549654049164,0.8106323067408666,0.006211261670206739,0.001654455995744299,0.6571247367320184,0.9919676256812383,SIRA
50725,848.659,327.01403858853,198.56281827755893,1.6469046996070378,0.7945492769291558,51273,254.13593981704184,0.8087531887755102,0.9893121135880483,0.8850452533111131,0.777140764090596,0.006446802140730015,0.001450517137438864,0.6039477672113154,0.9946444161374927,SIRA
51349,856.244,323.4435006658667,203.39394613855893,1.5902316996471757,0.7775353909166672,52073,255.69430455644857,0.7776616689383613,0.9860964415340003,0.8801298931365671,0.7905377725323149,0.006298925016375522,0.0015175279685200585,0.6249499698003541,0.9938152526700682,SIRA
52165,865.845,336.211745346137,198.48644005104046,1.6938776536053581,0.8071390249194528,52639,257.71794825178506,0.7819901660970199,0.9909952696669769,0.8743972216620446,0.7665346372312457,0.006445159500548969,0.0013725891709452337,0.5875753500752374,0.9952807553017902,SIRA
53472,886.6510000000001,343.8404226638406,199.10071697490872,1.7269672750961136,0.8152921968049841,54090,260.9265508454029,0.6630376827408335,0.9885745978924015,0.8547337951790889,0.7588594407368462,0.00643028917309696,0.0013153933205140415,0.5758676507954389,0.9945045877101993,SIRA
55627,893.42,344.67861382327953,206.37156140444907,1.6701846488808354,0.8009462965500312,56187,266.13247857971584,0.7827071900942733,0.9900332817199708,0.8757580986574243,0.7721177581274736,0.006196246675594218,0.0013584467706480399,0.5961658324157958,0.9957070214881268,SIRA
22227,544.406,197.92330173948858,143.93691636607784,1.3750697648413281,0.6863876815671343,22438,168.22691627925792,0.7197862694300519,0.9905963098315358,0.9424208970940973,0.8499601350662704,0.008904634081949367,0.0028667516284257085,0.7224322312018729,0.9933947182725555,DERMASON
23684,571.022,207.2337299685823,145.82346780921924,1.421127429500621,0.7105302410422794,23967,173.65311796080022,0.7681629475869227,0.9881920974673509,0.9127655382829776,0.837957787987153,0.008749946375974595,0.0026611767520380476,0.7021732544483225,0.9978776721582301,DERMASON
24375,577.745,206.65617253203453,151.37429944777617,1.3651998607817208,0.6807740436090707,24670,176.1681409986482,0.8044554455445545,0.9880421564653425,0.9176606244327564,0.8524697754737509,0.008478201950032186,0.0027618461327913843,0.7267047180962671,0.9920971799744436,DERMASON
24898,581.8510000000001,213.84478719060252,148.5035749875044,1.4399975704867451,0.7195451940621811,25159,178.0480782957684,0.7236949191954424,0.989625978774991,0.924167637891954,0.8326042483190013,0.00858883393005874,0.0025460589703365385,0.6932298343188493,0.9982492772080719,DERMASON
25415,587.3919999999999,214.92975961533355,151.00022602134703,1.423373760943568,0.7116283058812578,25727,179.88713969999122,0.7166220217115465,0.9878726629610914,0.9256438571594808,0.8369578043633455,0.008456807382070964,0.0025597671133470883,0.7004983662847122,0.997070994153496,DERMASON
25862,586.579,211.9100511084964,155.79370052245136,1.3601965316817037,0.6778633977261833,26116,181.46217541388833,0.783625730994152,0.9902741614336039,0.94453694494011,0.8563169819678871,0.00819387715986762,0.0027177370730474926,0.7332787736065906,0.997403244615498,DERMASON
26181,595.879,218.6640839150368,153.20903514558887,1.4272270803562495,0.7134959521335628,26459,182.57788617658846,0.7026570048309179,0.9894931781246457,0.9265736257819659,0.8349697074510424,0.008352014205532134,0.0025041126701387654,0.6971744123608793,0.9950262010529016,DERMASON
26516,601.3739999999999,229.9247948303115,147.21535131418884,1.5618262143029034,0.7681448519737465,26796,183.74226451254367,0.8107876712328768,0.9895506792058516,0.9213583559520183,0.799140713154267,0.00867117192752721,0.002181476744016573,0.6386258794207108,0.9974226396115111,DERMASON
26752,606.3109999999999,228.12546477933546,149.8798621245799,1.5220554752693725,0.7538851059767435,27065,184.5581325782071,0.7961904761904762,0.9884352484758914,0.9144821331413616,0.8090203027387985,0.008527417194203628,0.0022533827005974095,0.6545138502435774,0.996206389402875,DERMASON
27059,616.194,221.029121390392,156.25576843028702,1.4145341551918666,0.7072670049526059,27496,185.61408578281112,0.7952448127902192,0.9841067791678789,0.8955434798586304,0.8397720834937892,0.008168414257378026,0.002505897198804631,0.7052171522154996,0.9975537486359658,DERMASON
27322,613.4399999999999,233.17756207888664,149.6336025414194,1.5583235190393936,0.766942964248531,27682,186.51394275295914,0.8168500358765846,0.9869951593092985,0.9123850671214612,0.7998794613431087,0.008534425081578458,0.0021550245150615084,0.6398071526785417,0.9970265336685997,DERMASON
27563,610.7019999999999,229.03530368202394,153.48738521425344,1.492209300212607,0.7422281498685125,27810,187.33473135416,0.818548985834348,0.9911183027687882,0.928704745181954,0.8179294996994961,0.008309520142293072,0.002294136185567279,0.6690086664786679,0.9983009540423023,DERMASON
27767,618.733,233.12345011553447,152.1479490350516,1.5322155283330692,0.7576598004816351,28111,188.02670671652274,0.7924372146118721,0.9877627974814129,0.9114487738027225,0.806554238208717,0.008395701736432977,0.0021916493691571887,0.6505297391724438,0.9967517680024799,DERMASON
28026,610.943,215.4465689682207,165.74037733899615,1.299903936670533,0.6389026251516535,28302,188.9015920545607,0.7766877286331892,0.990248039007844,0.9435601600547295,0.8767909043955325,0.00768738203697355,0.0028024790256391467,0.7687622900307359,0.9993171271748076,DERMASON
28262,628.251,228.4517449595802,158.1130470928643,1.4448633377193976,0.7217949358144385,28719,189.69527145742236,0.7861036938139742,0.9840871896653783,0.8998008083771718,0.8303515978439342,0.008083353795187185,0.0023703880725074577,0.6894837760419749,0.9962098299553814,DERMASON
28532,614.6490000000001,217.43298008807747,167.72761214788395,1.2963457674242018,0.6363516157498733,28884,190.59924105405997,0.7957385095939313,0.9878133222545353,0.9490469998191243,0.8765884594731318,0.007620670828826492,0.002775594131780505,0.7684073272814785,0.9961215863790881,DERMASON
28771,636.7,241.94345103550998,151.77820791467866,1.5940592154805073,0.7787541268828919,29121,191.39585925922057,0.6851869492736365,0.987981181964905,0.8918567863547036,0.7910768340289956,0.00840928195180946,0.0020314837086044314,0.6258025573373391,0.9975663335948539,DERMASON
29037,639.176,238.5018213879267,155.2258910543652,1.5364822180624205,0.7592171999232415,29420,192.2785912692178,0.7954470742932281,0.9869816451393609,0.8931423638205235,0.8061933873304634,0.008213721162238754,0.0021403098223671114,0.6499477777753667,0.9986332032210365,DERMASON
29242,635.0459999999999,239.52131464798654,155.77669127013138,1.5375940565628918,0.7596203869518082,29594,192.9561368994146,0.7296636390857371,0.9881056971007637,0.9111850112187194,0.8055906723081967,0.00819100316831908,0.0021280144501893534,0.6489763313099723,0.9978621498722038,DERMASON
29501,640.6349999999999,240.59419281844464,156.51277292687695,1.5372176233236292,0.7594840025272526,29826,193.80877123915738,0.7080693164362519,0.9891034667739557,0.9032859970905243,0.8055421827467294,0.008155458893544104,0.0021182700004919847,0.6488982081843652,0.9974977613641313,DERMASON
29689,641.296,243.4937651870095,155.9493789628043,1.5613641221686785,0.7679868637322851,30002,194.42532973777426,0.7363343253968254,0.989567362175855,0.9071693563760708,0.7984817582021067,0.008201480857792768,0.0020565157209128868,0.6375731181815275,0.9954837919878478,DERMASON
29883,640.661,239.1823427834963,159.5339072807641,1.4992570975056652,0.7450603933708975,30178,195.05952249331705,0.7042064333686815,0.9902246669759427,0.914908124658719,0.8155264315220858,0.008003960204246438,0.002183920617938278,0.6650833605111475,0.9971309486792569,DERMASON
30099,635.8519999999999,230.3142251529529,166.63263069476136,1.382167611425663,0.6903230660857191,30427,195.76321681302556,0.7915581854043392,0.989220100568574,0.9355130448110319,0.8499831770400554,0.007651889602742713,0.0024637110941496043,0.7224714012511065,0.9985765709905935,DERMASON
30307,659.6059999999999,249.90547804246327,154.6385405942758,1.616062057247027,0.7855579318148022,30654,196.4384658927283,0.6876233692569483,0.9886801070007177,0.8753537932133529,0.7860510599105394,0.008245800575525894,0.0019418497366004684,0.6178762687864824,0.9985263940592,DERMASON
30471,655.5609999999999,247.90330133330264,156.8459450123447,1.580552824070722,0.7744051503502714,30957,196.96924167906303,0.7615084720347878,0.9843008043415059,0.8909849189480559,0.7945406157146756,0.008135712688566265,0.002000045041665929,0.6312947900202558,0.9977947631876489,DERMASON
30686,661.2239999999999,250.42749043123754,156.67751596211028,1.5983626552504129,0.7801117140286575,31079,197.66291677940808,0.7756825075834176,0.9873548054956723,0.881968202349541,0.7893019909237258,0.008160968859780928,0.001953863754411755,0.6229976328761573,0.9957761506986569,DERMASON
30905,665.789,250.769910425821,157.58321938462947,1.5913490751432184,0.7778922859871154,31344,198.36700363225788,0.8072352096121196,0.9859941296579887,0.8761236036079154,0.7910319196406773,0.008114218101466461,0.001959758124045105,0.6257314978904148,0.9957572404558924,DERMASON
31149,655.423,233.9520083075245,169.89497545324804,1.3770390070888456,0.6874878910558235,31522,199.14853396135155,0.7126612977029376,0.9881669944800456,0.9111935098609897,0.8512366933801885,0.007510738974205415,0.002432561202504921,0.724603908156837,0.9978078462209881,DERMASON
31351,665.596,259.9505429913619,154.16863214505247,1.686144187533444,0.8051515718914484,31734,199.7932255282748,0.7130737387981623,0.9879309258208862,0.8892827239836621,0.7685816818428954,0.008291618863556565,0.001784757481844756,0.5907178016644538,0.9960353877490524,DERMASON
31534,653.7819999999999,234.6866564517004,171.4487370835913,1.3688444747031114,0.6828665003685611,31906,200.37548703291682,0.8125644197072769,0.9883407509559331,0.9270923737290138,0.8538000841737461,0.007442337047367933,0.0024395732926843845,0.7289745837350959,0.9978528311447866,DERMASON
31745,660.531,251.45029816908354,161.04025642256588,1.5614126787607927,0.7680034732439905,32091,201.044744640634,0.8114152800143138,0.9892181608550684,0.9143211922402418,0.7995406889732334,0.007920941822935377,0.001996727809288925,0.6392653133237928,0.9981569653157606,DERMASON
31954,658.228,240.24459422600953,169.71773431341765,1.4155538618159371,0.7077756630623897,32359,201.70546946592052,0.7240551074050575,0.9874841620569239,0.9267922420206561,0.8395838004836296,0.00751845134336889,0.0023044344435762887,0.704900958034535,0.9978252733435398,DERMASON
32145,669.928,250.68301226979892,163.68763115296136,1.531471929210967,0.7573867144040369,32461,202.30740264634858,0.7341052343107701,0.9902652413665629,0.9000508256546477,0.8070247792802735,0.007798507147917216,0.0020405099467629916,0.6512889943723742,0.9974308126853305,DERMASON
32390,670.0249999999999,251.47698266331085,164.24518100546922,1.5311072210693164,0.7572525941815643,32753,203.07690379255817,0.8045006333672785,0.9889170457668,0.9066481864963044,0.8075367440862253,0.007764031573427319,0.002036649174328371,0.6521155930493816,0.9984588934898079,DERMASON
32685,670.6739999999999,252.51393932293834,165.22607457736132,1.5282935212789768,0.7562138309198394,33102,203.99959441054972,0.7110226456960125,0.9874025738626064,0.9131358897403261,0.8078745868744143,0.007725682708365866,0.0020299830793754007,0.6526613481175055,0.9974581099171866,DERMASON
32898,676.9839999999999,244.51410727053084,171.9040187576078,1.422387382434069,0.7111469879536951,33296,204.66322225230743,0.7052392385525639,0.9880466122056704,0.9020332597082138,0.8370200989093348,0.0074324915578615975,0.002250389711927195,0.7006026459781927,0.996528363739304,DERMASON
33133,668.032,239.6109718852069,176.74879025056805,1.355658341680994,0.6751844004818078,33480,205.39290600142485,0.7988667872212176,0.9896356033452808,0.9329880721434132,0.8571932428028576,0.007231792227845559,0.002408466768593075,0.7347802555068788,0.9961109826803923,DERMASON
33303,675.3119999999999,254.37621425474924,166.92428419009255,1.5239017827092605,0.7545780819716961,33627,205.91915053805735,0.72270567044986,0.9903648853599786,0.9176652524257352,0.8095063099407409,0.007638237223515877,0.002023270075967052,0.6553004658338748,0.9986135480944506,DERMASON
33529,677.851,253.43341929101092,169.89203323452355,1.4917322164316238,0.7420345821401533,33971,206.6166709039357,0.7377442351698644,0.9869889022990197,0.9169844745130239,0.8152700282462875,0.007558633400668404,0.0020598184868560183,0.6646652189567025,0.9915025202592923,DERMASON
33748,699.0609999999999,251.82175955011158,170.92442686915174,1.47329298780033,0.7343679189468062,34301,207.29034747359142,0.7496556932782442,0.9838780210489491,0.8678162071582647,0.8231629698876018,0.007461827650530745,0.0021133346707381726,0.677597274994177,0.9982993138015329,DERMASON
33958,677.1039999999999,253.68894763982837,171.0459697425207,1.483162380392312,0.7385168606403043,34241,207.93428880325786,0.8232441998593906,0.9917350544668672,0.9307674973639434,0.8196426795008425,0.007470668108835278,0.002079876094401133,0.671814122059321,0.9964094324546736,DERMASON
34278,680.2149999999999,249.99119301050018,175.04670143308255,1.428139981866883,0.7139354966840623,34637,208.91171607746634,0.7520073713307884,0.9896353610301123,0.9309640895013378,0.8356763034795853,0.0072930507325544135,0.0021940238647733586,0.6983548841973041,0.9973485316541868,DERMASON
34513,690.5759999999999,257.99159323804355,170.6310975023703,1.511984608986411,0.7500488845678899,34852,209.6266118779881,0.7885261257967968,0.9902731550556639,0.9094307057481859,0.8125327234386662,0.007475200453105889,0.002009861114648633,0.6602094266586562,0.998226491815631,DERMASON
34776,693.604,261.0485898660876,169.9896191992353,1.535673714052663,0.7589233263852831,35136,210.42380665625743,0.7928864569083447,0.9897540983606558,0.9083773842681087,0.8060714166822368,0.007506573207559454,0.001954859604798175,0.6497511287921084,0.9978057291620874,DERMASON
34951,694.086,257.09066434509134,173.33066324338847,1.4832382195646956,0.7385483326519374,35319,210.95259023780358,0.7331711103186423,0.9895806789546703,0.9116809936608216,0.8205377304352176,0.0073557455965520685,0.0020568408378823467,0.6732821670677781,0.998637842746271,DERMASON
35214,711.303,269.6926241719611,166.73063002932852,1.6175349671774237,0.7860014463616974,35659,211.7447929189854,0.7187410703351431,0.9875206820157604,0.874613029921499,0.7851337928469744,0.0076586762132095495,0.0017951806261498125,0.6164350726702759,0.9971052850387273,DERMASON
35465,692.5249999999999,257.33498646431474,175.7158153219213,1.4644953044941487,0.7305781479017438,35843,212.49809517742165,0.739778890279516,0.9894540077560472,0.9292635796239003,0.8257644951316764,0.007256026687278014,0.0020811503554888154,0.6818870014200725,0.9986203117752909,DERMASON
35748,697.09,261.07757939099827,174.73433455508652,1.494140118802417,0.743009137417302,36099,213.34424586848502,0.7161057692307692,0.9902767389678384,0.9244510241855627,0.8171680094711379,0.0073032779285833686,0.0020088292202504843,0.6677635557030218,0.9977323184500376,DERMASON
36050,706.252,263.3602558002536,174.69356914621275,1.5075555275868784,0.7483310111644407,36460,214.2435193598691,0.7006802721088435,0.9887547997805815,0.9082298088579384,0.8134998149544735,0.007305416249660294,0.001973579216349856,0.6617819489309628,0.9976730351680902,DERMASON
36300,689.826,246.70251109685182,187.53722899692733,1.3154855300805042,0.6497176768528792,36646,214.98510523728476,0.7774684086528164,0.9905583146864596,0.9585998808696962,0.8714346047044682,0.0067962124269105185,0.0024176081715202315,0.759398270276433,0.9989774361168111,DERMASON
36684,717.317,275.03624801504344,170.28502647026272,1.6151522756645527,0.785283251451138,37121,216.1192251028693,0.7061677061677062,0.9882276878316856,0.8959098301836526,0.785784516268737,0.007497444335815163,0.001763221530306266,0.6174573060076933,0.99728757292403,DERMASON
37037,708.5349999999999,261.78941136427045,180.3889056099734,1.451250067065081,0.7247032286991747,37454,217.15656337849018,0.7262156862745098,0.9888663427137289,0.9270924601066565,0.8295085819048835,0.007068321175156478,0.00206433212822559,0.6880844874538508,0.9985826585638429,DERMASON
37349,717.573,265.46606204734195,180.3232365698024,1.4721677976569654,0.7338880921418567,37743,218.0693095240905,0.7346236305344112,0.9895609781946321,0.911499980891489,0.8214583357370971,0.007107715388560388,0.0019964202016064343,0.6747937973519615,0.9934096985202179,DERMASON
37680,720.6329999999999,267.31887030425275,180.30575669957665,1.4825864420383223,0.7382776542123936,38077,219.0334815630271,0.7248384118190212,0.9895737584368517,0.9117850484172091,0.8193715666751511,0.00709444984883898,0.0019725228496684888,0.6713697642756915,0.9953637101096048,DERMASON
38009,723.162,267.3713373657601,181.33345834183967,1.4744732704635601,0.7348697239337311,38426,219.98764023426133,0.7624979939014604,0.9891479727267996,0.9133245115889888,0.8227794437566113,0.007034421778151493,0.001988574648968836,0.6769660130684386,0.9981682912816978,DERMASON
38345,717.637,263.6003886570185,185.71243678291174,1.4194008394017994,0.7096815314822433,38755,220.95784743445935,0.7784838395322398,0.9894207199071088,0.9356403917469001,0.8382303552744637,0.006874439657243931,0.0020934886146637363,0.7026301285035537,0.9973137941869382,DERMASON
38760,753.7609999999999,276.7611091423772,178.68776164962767,1.5488531871872262,0.7636427834985211,39356,222.15032017517981,0.7112970711297071,0.9848561845716028,0.8572871345999387,0.8026789633253587,0.0071403794928373895,0.0018283889214918837,0.6442935181650727,0.9979160690940437,DERMASON
39128,739.8820000000001,269.6326513933851,185.0851588846377,1.456803198150778,0.7271916209471292,39580,223.20241241168844,0.7962555962555963,0.9885800909550277,0.8981990474320045,0.8278018676827218,0.006891040978158483,0.0019960444248050832,0.6852559321390024,0.9982830334918913,DERMASON
39579,746.9110000000001,273.39435805264935,184.63083458176345,1.48076218510282,0.7375176220705938,40043,224.48507286916208,0.7986883261023106,0.9884124566091451,0.8915320701586117,0.8211035314266856,0.006907561031169291,0.0019368508268973604,0.674211009321374,0.9983461673830952,DERMASON
40098,755.262,294.8817146401059,174.2631647465524,1.6921632008059797,0.8067011917869991,40725,225.95211719475114,0.6894903363367494,0.9846040515653776,0.8833591398874561,0.7662466201762249,0.007354025503519025,0.001563792702052085,0.5871338829314878,0.9935263506429898,DERMASON
40720,767.737,302.3224205337598,171.92081358841205,1.7584980795724734,0.8225677671109863,41175,227.69785739355527,0.7891472868217054,0.988949605343048,0.868145844367783,0.7531623258094703,0.007424420936487225,0.0014736579829889105,0.5672534890187305,0.9975141710702228,DERMASON
41513,748.568,274.45780490563783,193.32775127105387,1.4196503249077579,0.70980442091867,41885,229.90431318396531,0.7966417194396469,0.9911185388563925,0.9309609571537364,0.8376672445624543,0.006611370050481484,0.002007970660322656,0.7016864126128548,0.9961493436491984,DERMASON
