lettr,x-box,y-box,width,high,onpix,x-bar,y-bar,x2bar,y2bar,xybar,x2ybr,xy2br,x-ege,xegvy,y-ege,yegvx
T,2,8,3,5,1,8,13,0,6,6,10,8,0,8,0,8
P,6,10,8,8,7,8,5,7,5,7,6,6,3,9,8,9
B,4,9,5,7,6,7,8,9,6,7,6,6,2,8,8,10
I,1,9,1,7,1,7,7,0,9,7,6,8,0,8,3,8
G,2,4,4,3,2,7,6,6,6,6,6,10,2,9,4,9
Y,3,10,5,7,1,10,10,3,2,5,13,8,2,11,0,8
U,4,6,4,4,1,8,5,12,5,7,15,8,3,9,0,8
M,3,1,4,3,3,7,6,6,4,6,7,7,8,6,2,7
P,2,1,2,1,1,5,11,8,2,9,6,4,1,9,3,8
R,3,6,5,4,5,6,7,3,3,7,6,9,5,9,7,5
R,4,9,5,7,4,9,8,4,6,9,3,7,3,7,4,11
E,1,3,3,2,2,6,8,2,7,11,7,9,2,8,4,9
V,4,6,4,4,2,5,11,3,4,9,11,7,2,10,1,8
D,2,4,4,3,2,8,7,5,6,9,5,5,2,8,3,7
Y,2,1,2,1,0,7,10,2,2,7,12,8,1,11,0,8
H,6,10,6,6,4,5,8,3,4,10,9,9,6,10,5,8
P,5,11,7,8,5,8,8,1,6,13,6,5,1,9,3,9
X,4,9,7,6,4,7,7,0,8,9,6,8,2,8,3,7
Z,1,1,2,2,1,7,8,5,8,6,6,9,1,8,7,7
Q,7,8,7,9,7,8,7,6,2,7,7,11,5,9,7,7
V,1,1,2,1,0,7,9,4,2,7,13,8,2,10,0,8
Q,3,6,4,8,4,8,11,4,3,5,9,11,2,10,5,8
N,4,8,6,6,3,5,9,3,4,10,9,9,5,8,1,7
Q,6,8,9,12,14,8,5,6,1,6,6,9,10,10,8,14
K,3,2,4,4,3,5,7,3,7,6,6,10,6,8,4,9
Q,6,15,6,8,4,7,5,5,8,9,5,8,3,7,9,9
G,6,10,8,7,5,7,7,7,6,5,7,9,3,8,4,8
A,2,8,4,6,2,12,3,3,2,10,1,9,2,6,2,8
F,5,7,6,5,6,7,8,6,4,8,6,8,3,10,8,11
K,3,7,5,5,5,8,7,4,4,7,6,7,4,6,8,13
A,2,3,3,2,1,10,2,2,1,8,2,9,1,6,1,8
X,6,11,8,9,7,8,6,3,5,6,7,8,3,9,9,9
M,6,8,9,6,10,6,8,4,3,7,4,8,14,3,4,7
F,4,5,4,8,2,1,12,5,4,11,10,7,0,8,3,6
N,5,11,6,8,6,8,8,13,1,6,6,8,6,8,1,10
S,5,9,6,7,5,8,8,7,5,7,5,7,2,7,9,8
L,4,3,4,5,1,1,0,6,6,0,1,4,0,8,0,8
Z,4,9,5,7,5,8,7,5,9,7,5,7,1,7,7,8
U,5,8,5,6,2,7,4,14,5,7,14,8,3,9,0,8
B,7,10,9,8,7,9,7,4,7,10,5,6,2,8,6,10
P,3,5,5,4,2,7,12,4,3,12,4,1,1,10,3,8
G,4,3,5,5,2,8,5,7,9,7,4,11,1,9,5,10
H,2,1,2,2,2,7,8,5,5,7,6,8,3,8,2,8
J,5,6,3,9,3,9,7,3,3,11,4,5,3,8,6,9
E,6,11,4,6,2,6,8,4,6,10,6,9,2,9,8,9
V,4,7,4,5,3,3,11,2,2,9,11,8,2,11,1,8
E,3,9,4,7,4,7,7,7,9,8,8,10,3,8,6,7
G,3,8,4,6,2,8,5,8,9,8,4,12,1,9,5,10
J,5,9,7,7,4,6,7,3,6,15,7,11,1,6,2,6
P,4,9,6,7,4,6,10,5,6,10,8,3,1,10,4,7
O,5,9,5,6,4,7,7,8,5,10,6,8,3,8,3,8
H,7,10,10,8,9,7,8,3,6,10,6,7,3,8,3,8
I,0,0,0,0,0,7,7,4,4,7,6,8,0,8,0,8
T,6,8,6,6,4,6,12,4,6,11,9,4,3,12,3,4
R,3,7,4,4,2,5,11,8,3,7,3,9,3,7,5,11
W,6,10,9,8,8,5,12,2,2,8,8,9,9,14,2,8
Y,5,9,5,4,3,6,6,5,4,9,10,6,3,9,2,5
N,8,15,7,8,4,7,9,4,7,4,4,9,5,8,2,8
D,4,6,5,4,3,8,8,7,8,9,5,3,3,8,4,6
M,7,9,9,7,7,6,6,3,5,10,9,9,10,7,3,8
E,4,10,4,8,4,3,8,5,9,7,6,14,0,8,6,8
Q,4,9,6,7,6,8,5,7,4,6,6,8,3,7,5,9
E,4,9,4,7,2,3,7,6,11,7,7,15,0,8,7,7
L,4,8,4,6,2,0,1,5,5,0,1,6,0,8,0,8
F,3,7,3,5,2,1,11,3,4,11,11,8,0,8,1,7
S,5,10,6,8,3,8,8,6,10,5,6,6,0,8,9,7
Y,4,4,5,6,6,9,8,5,3,7,8,7,6,10,6,4
Y,5,10,6,7,6,9,5,7,5,6,9,7,3,9,9,4
P,7,9,9,7,5,7,12,8,3,10,5,3,2,11,5,8
E,5,11,6,8,7,7,7,6,3,7,6,9,4,8,8,8
P,2,4,4,2,2,8,9,4,3,12,4,4,1,10,2,9
M,3,4,4,3,3,8,6,6,3,7,7,8,7,5,2,7
U,3,4,4,3,2,5,8,5,7,9,8,9,3,10,2,5
G,4,8,4,6,3,6,6,6,7,11,7,12,2,10,3,10
F,6,12,5,6,2,5,11,2,5,11,8,5,2,9,6,2
C,6,11,5,6,4,7,7,4,3,9,8,10,4,9,8,11
T,6,10,8,8,7,6,7,7,7,7,9,9,4,10,6,8
Z,3,5,5,3,2,7,7,2,9,12,6,8,1,8,6,8
V,7,13,6,7,3,8,10,6,4,8,10,5,6,13,3,8
I,7,14,6,8,4,8,8,2,6,13,4,5,2,8,6,9
W,5,9,8,6,5,9,8,4,1,6,9,8,7,11,0,8
T,3,4,5,6,1,6,15,1,6,8,11,7,0,8,0,8
H,5,8,6,6,5,7,7,7,6,7,7,8,3,8,3,8
J,1,1,2,1,0,11,6,2,6,12,3,8,0,7,0,8
I,0,1,0,1,0,7,7,4,4,7,6,8,0,8,0,8
U,6,10,8,8,5,5,8,6,8,7,10,10,3,9,1,8
D,4,7,4,5,2,5,7,10,8,6,5,5,3,8,4,8
E,2,7,4,5,3,7,7,5,8,6,5,8,3,8,6,9
E,5,11,7,8,7,10,6,2,7,11,4,8,4,8,6,12
N,5,10,8,8,5,5,9,5,5,8,8,9,7,9,2,5
G,6,10,7,8,5,6,6,6,6,11,6,12,4,9,5,8
E,2,3,4,2,2,7,7,2,7,11,6,9,2,8,4,8
T,8,13,7,7,3,6,9,3,8,13,6,6,2,8,5,4
N,4,7,6,5,4,7,9,5,5,7,6,6,6,10,2,5
Z,2,4,3,6,2,7,7,3,13,10,6,8,0,8,8,8
L,2,3,2,4,1,0,2,5,6,0,0,7,0,8,0,8
H,3,9,4,6,4,7,7,12,1,7,6,8,3,8,0,8
E,4,10,5,8,5,7,7,6,9,7,6,10,3,8,6,8
Y,5,11,7,8,4,7,10,2,7,6,12,8,2,11,2,8
Y,2,0,2,0,0,7,10,3,1,7,12,8,1,11,0,8
T,6,10,5,5,2,5,9,2,7,12,7,5,2,10,4,4
P,3,4,4,3,2,5,10,4,4,10,8,4,1,10,4,7
V,3,4,4,3,1,4,12,3,3,9,11,7,2,11,0,8
F,2,1,2,3,2,5,10,4,5,10,9,6,1,10,3,7
P,3,5,5,4,2,7,10,4,4,13,5,2,1,10,2,8
L,3,8,5,6,3,8,4,1,8,9,3,10,0,7,2,9
P,2,3,3,1,1,8,9,3,3,12,4,4,1,9,2,9
Q,4,6,4,7,4,8,5,6,4,9,5,8,3,8,3,8
U,4,6,6,4,4,7,8,8,6,6,6,10,3,8,5,6
A,2,2,4,3,1,7,3,2,2,6,1,8,2,6,2,7
B,2,3,4,2,2,8,8,3,5,10,5,6,2,8,5,9
L,2,6,3,4,1,0,1,5,6,0,0,6,0,8,0,8
C,3,6,4,4,2,6,7,6,7,6,7,12,1,8,4,10
H,4,8,4,5,2,7,5,15,1,7,8,8,3,8,0,8
V,4,10,6,8,4,8,11,2,3,4,10,9,3,11,2,8
Z,9,15,9,8,6,8,5,2,9,12,6,10,3,8,6,8
Q,3,6,4,5,3,8,8,7,5,6,6,9,2,8,4,8
E,2,4,3,3,2,7,7,2,7,11,7,9,2,8,4,8
M,5,8,8,6,5,10,5,3,5,9,4,7,8,6,2,9
Q,6,7,8,6,6,7,4,4,5,7,4,8,4,5,6,7
W,6,9,9,7,6,8,8,4,1,7,9,8,7,11,0,8
Z,2,1,2,1,1,7,7,5,8,6,6,8,1,8,6,8
X,7,10,8,5,4,6,8,2,8,11,6,9,4,7,4,6
R,4,4,4,5,3,5,12,8,4,7,3,9,3,7,6,11
K,2,6,3,4,1,3,7,7,3,7,7,11,3,8,2,10
M,7,11,10,8,11,7,7,5,5,6,7,9,8,6,2,8
Q,3,6,4,5,2,8,7,8,6,6,5,9,3,8,4,8
G,2,1,3,2,1,6,6,5,5,6,6,9,2,9,4,8
X,4,9,6,7,5,7,7,3,8,5,6,8,3,8,6,7
P,5,6,7,8,8,8,6,4,3,7,7,7,7,12,6,7
R,6,9,6,4,4,5,8,3,5,7,4,10,4,7,5,7
C,3,4,4,3,1,4,8,5,7,11,9,12,1,9,2,7
S,1,0,2,1,1,8,7,4,7,5,6,7,0,8,7,8
X,9,14,9,8,5,3,10,3,8,12,11,9,4,8,3,5
W,3,8,5,6,5,9,11,2,2,5,8,8,6,11,1,8
V,3,3,4,2,1,4,13,3,2,10,11,7,2,11,1,8
P,2,3,3,2,1,7,10,4,3,12,5,3,1,10,2,8
F,5,9,7,7,8,10,7,1,5,9,4,5,4,10,5,8
U,6,10,8,7,5,4,8,7,8,9,11,11,3,9,1,8
C,1,3,2,1,1,4,8,4,6,10,9,12,1,8,2,8
T,3,11,5,8,1,7,14,0,6,7,11,8,0,8,0,8
V,2,7,4,5,1,9,8,4,2,5,13,8,3,10,0,8
E,3,7,5,5,3,9,6,2,7,11,5,8,2,9,5,11
B,2,5,4,4,3,8,7,3,5,10,5,6,2,8,4,9
Y,4,7,4,5,2,3,10,3,6,11,12,7,2,11,2,6
D,2,5,4,4,3,9,6,4,6,10,4,6,2,8,3,8
S,1,0,2,1,1,8,7,4,7,5,6,7,0,8,7,8
Q,3,8,5,9,5,9,9,6,3,4,8,11,3,9,7,10
U,2,4,3,2,1,7,8,6,6,7,9,8,3,9,1,8
Y,4,7,4,5,2,4,10,2,9,11,10,5,0,10,3,4
N,5,7,7,5,6,6,8,3,4,8,7,9,6,9,5,5
F,4,10,6,7,4,4,12,4,4,13,8,5,2,10,2,6
Z,6,10,8,8,5,8,6,3,9,12,4,9,3,6,8,9
R,6,10,8,8,6,10,7,3,6,10,2,6,5,6,5,10
C,2,7,3,5,1,6,8,7,8,5,6,13,1,7,4,9
Y,1,1,2,1,0,7,10,2,2,7,12,8,1,11,0,8
V,3,4,4,3,1,5,12,2,3,9,11,7,2,11,1,8
W,7,11,10,8,4,9,7,5,2,6,8,8,9,9,0,8
V,3,7,4,5,3,6,12,2,2,8,10,8,4,11,4,8
K,2,1,2,2,1,5,7,8,1,7,6,11,3,8,2,11
G,5,8,7,7,8,8,9,5,3,7,6,8,7,11,8,9
U,2,0,2,1,1,8,5,11,4,6,13,8,3,10,0,8
R,2,1,3,2,1,6,10,8,2,7,5,8,2,7,5,10
F,2,4,4,3,1,5,11,3,4,13,7,4,1,9,1,7
B,5,9,8,7,6,8,7,5,6,9,5,6,3,8,7,10
R,3,8,3,6,3,6,9,8,3,7,5,8,2,7,5,11
B,5,10,5,8,4,6,9,9,8,7,5,7,2,8,9,10
C,3,6,4,4,1,5,7,7,10,6,6,13,1,8,4,8
M,5,9,7,6,6,4,7,3,4,10,10,10,7,5,2,7
D,1,0,1,0,0,6,7,7,5,7,6,6,2,8,3,8
J,1,3,2,2,1,8,6,3,5,14,6,10,1,7,0,7
O,5,7,7,6,5,6,6,6,7,9,6,8,3,6,5,6
X,3,7,4,5,2,7,7,4,4,7,6,8,3,8,4,8
T,2,9,4,6,1,9,14,0,6,5,11,8,0,8,0,8
G,2,3,2,2,1,7,6,6,5,7,6,9,2,9,4,9
U,2,4,3,3,1,4,8,5,6,11,9,9,3,9,1,7
L,3,2,3,3,2,4,4,3,8,2,1,7,0,7,1,6
N,6,5,6,8,3,7,7,15,2,4,6,8,6,8,0,8
J,6,8,4,12,3,10,6,3,4,11,3,5,3,8,7,10
U,8,11,9,8,6,4,8,6,8,9,7,9,7,9,6,1
G,4,9,5,7,3,6,7,7,8,9,8,10,2,10,4,9
I,2,10,2,7,2,7,7,0,8,7,6,8,0,8,3,8
R,3,8,5,6,4,6,7,5,6,6,5,7,3,7,5,8
Q,3,7,4,6,2,8,6,9,6,6,4,8,3,8,4,8
M,14,14,14,8,7,7,10,5,5,4,4,11,11,13,2,7
A,6,11,8,9,9,8,7,8,3,7,6,8,3,8,9,3
L,3,11,5,8,3,4,3,5,8,1,0,6,0,6,1,5
A,4,11,7,8,6,10,3,1,2,8,3,9,5,5,3,7
V,2,6,4,4,2,6,11,3,3,8,11,8,2,11,1,9
F,4,9,6,6,4,6,10,1,6,13,7,6,1,10,2,8
D,5,8,6,6,5,8,8,5,6,10,5,4,4,9,4,9
P,2,3,3,2,1,7,9,4,3,11,4,3,1,10,2,8
U,4,10,6,7,9,9,6,4,3,6,7,7,9,8,5,6
I,0,4,0,6,0,7,7,4,4,7,6,8,0,8,0,8
J,3,6,5,4,2,7,9,1,6,14,5,6,0,7,0,7
R,7,10,7,5,5,6,8,3,4,7,4,10,6,8,6,7
S,6,12,5,6,3,8,3,2,5,8,1,7,3,7,5,8
D,1,0,2,1,1,6,7,8,6,7,6,6,2,8,3,8
A,3,3,5,5,2,9,4,3,1,8,1,8,2,7,2,8
P,3,4,5,2,2,8,10,4,3,11,4,3,1,10,2,8
J,2,7,4,5,1,7,6,4,6,15,7,12,1,6,0,7
L,5,9,6,7,5,6,6,8,5,6,5,9,3,7,5,11
V,7,10,7,8,3,3,11,4,4,10,12,8,2,10,1,8
R,5,6,7,6,7,5,7,4,4,6,5,9,7,9,6,9
M,4,8,5,6,5,8,5,11,1,6,9,8,8,5,1,6
R,3,1,3,2,2,7,8,5,5,7,5,7,2,6,4,8
Q,4,5,5,7,3,9,7,8,6,6,6,10,3,8,5,9
L,4,11,6,8,3,4,4,3,9,5,1,9,1,6,3,6
S,3,10,4,7,4,8,6,8,6,7,8,10,2,10,9,7
I,1,3,1,2,1,7,7,1,7,7,6,8,0,8,2,8
N,4,6,4,4,2,7,7,14,1,5,6,8,6,8,0,8
B,2,3,2,1,2,7,8,5,5,7,5,6,1,8,5,9
Y,5,6,7,9,10,8,4,5,3,7,8,9,8,8,6,8
P,8,12,6,7,3,8,8,5,4,12,4,6,5,9,4,8
G,6,10,6,8,4,6,7,6,7,10,8,11,2,9,5,9
W,3,4,5,3,3,9,11,3,2,5,9,8,6,11,1,8
P,5,8,6,10,9,8,9,3,2,6,8,7,6,10,6,4
A,5,10,7,8,5,7,3,2,3,4,2,7,2,6,2,6
O,2,4,3,2,2,8,7,7,4,7,6,8,2,8,2,8
Q,9,14,8,8,5,7,4,4,8,9,5,9,3,8,9,9
B,3,8,5,6,5,8,8,5,4,7,5,5,3,8,6,5
S,6,10,8,8,5,8,8,3,6,10,4,7,2,7,5,9
M,8,10,12,8,9,4,8,3,5,10,10,10,13,8,5,8
E,4,7,5,5,4,6,8,7,9,6,4,10,2,8,6,8
H,7,9,10,7,7,6,8,3,7,10,9,9,8,9,6,6
F,3,4,5,3,2,5,11,3,5,13,7,5,1,9,1,7
Y,1,1,2,1,1,7,10,1,5,7,11,8,1,11,1,8
C,7,10,5,6,2,5,10,5,8,11,8,9,2,8,5,8
O,7,10,5,6,3,10,5,6,5,9,3,8,5,9,5,9
E,4,6,6,6,6,6,8,4,4,8,7,9,4,11,8,10
H,4,7,5,5,4,8,6,13,1,7,7,8,3,8,0,8
E,3,4,4,6,2,3,8,6,11,7,5,15,0,8,7,7
G,3,4,4,7,2,6,5,8,8,6,5,10,1,8,6,11
P,4,5,5,6,6,6,8,5,2,7,7,6,6,11,5,7
S,6,10,8,7,5,8,8,3,7,10,5,7,2,8,5,8
X,3,6,5,4,3,8,7,3,8,5,6,8,2,8,6,8
O,4,8,6,7,5,7,6,5,5,9,5,8,3,6,5,6
E,4,10,6,8,6,6,8,6,9,6,4,10,2,8,6,9
G,3,3,4,5,2,7,8,8,7,6,7,7,2,7,6,11
P,4,6,5,4,4,8,5,6,5,7,6,7,2,9,7,9
